-- phpMyadmin SQL Dump
-- version 4.0.10deb1
-- http://www.phpmyadmin.net
--
-- Host: localhost
-- Generation Time: Dec 03, 2015 at 08:39 AM
-- Server version: 5.5.46-0ubuntu0.14.04.2
-- PHP Version: 5.5.9-1ubuntu4.14

SET SQL_MODE = "NO_AUTO_VALUE_ON_ZERO";
SET time_zone = "+00:00";


/*!40101 SET @OLD_CHARACTER_SET_CLIENT=@@CHARACTER_SET_CLIENT */;
/*!40101 SET @OLD_CHARACTER_SET_RESULTS=@@CHARACTER_SET_RESULTS */;
/*!40101 SET @OLD_COLLATION_CONNECTION=@@COLLATION_CONNECTION */;
/*!40101 SET NAMES utf8 */;

--
-- Database: `apatel`
--

-- --------------------------------------------------------

--
-- Table structure for table `address`
--

CREATE TABLE IF NOT EXISTS `address` (
  `address_id` int(11) NOT NULL AUTO_INCREMENT,
  `street` varchar(255) COLLATE utf8_unicode_ci NOT NULL,
  `town` varchar(255) COLLATE utf8_unicode_ci NOT NULL,
  `state` varchar(255) COLLATE utf8_unicode_ci NOT NULL,
  `zipcode` varchar(45) COLLATE utf8_unicode_ci NOT NULL,
  `nearest_intersec` varchar(255) COLLATE utf8_unicode_ci NOT NULL,
  `room_no` varchar(45) COLLATE utf8_unicode_ci DEFAULT NULL,
  PRIMARY KEY (`address_id`)
) ENGINE=MyISAM  DEFAULT CHARSET=utf8 COLLATE=utf8_unicode_ci AUTO_INCREMENT=101 ;

--
-- Dumping data for table `address`
--

INSERT INTO `address` (`address_id`, `street`, `town`, `state`, `zipcode`, `nearest_intersec`, `room_no`) VALUES
(5, 'Hoepker', 'Asheville', 'North Carolina', '28815', 'E88', '213'),
(10, 'Namekagon', 'Washington', 'District of Columbia', '20067', 'E21', '312'),
(12, 'Trailsway', 'Stockton', 'California', '95298', 'E7', '324'),
(20, 'Morningstar', 'Kalamazoo', 'Michigan', '49048', 'E60', '34'),
(26, 'Beilfuss', 'Hollywood', 'Florida', '33028', 'E7', '54'),
(27, 'Katie', 'Portland', 'Maine', '4109', 'E7', '757'),
(32, 'Stephen', 'Santa Barbara', 'California', '93111', 'E7', '53'),
(38, 'Bartillon', 'Reading', 'Pennsylvania', '19610', 'E7', '234'),
(42, 'Ramsey', 'Dallas', 'Texas', '75205', 'E7', '6535'),
(43, 'Scoville', 'Miami', 'Florida', '33185', 'E60', '44'),
(57, 'Schurz', 'Prescott', 'Arizona', '86305', 'E7', '876'),
(59, 'Cordelia', 'Spartanburg', 'South Carolina', '29305', 'E7', '534'),
(60, 'Cordelia', 'Oakland', 'California', '94627', 'E21', '546'),
(63, 'Cottonwood', 'Lafayette', 'Louisiana', '70593', 'E60', '753'),
(67, 'Elmside', 'Syracuse', 'New York', '13251', 'E60', '45'),
(68, 'Nobel', 'Minneapolis', 'Minnesota', '55487', 'E7', '654'),
(69, 'Dexter', 'Arlington', 'Texas', '76011', 'E60', '213'),
(75, 'Luster', 'New Haven', 'Connecticut', '6538', 'E7', '312'),
(79, 'Meadow Vale', 'Lubbock', 'Texas', '79410', 'E21', '324'),
(80, 'Sutherland', 'Albuquerque', 'New Mexico', '87110', 'E60', '34'),
(82, 'Thackeray', 'Stamford', 'Connecticut', '6905', 'E88', '54'),
(87, 'Butternut', 'Houston', 'Texas', '77010', 'E88', '757'),
(88, 'Caliangt', 'Kalamazoo', 'Michigan', '49006', 'E88', '53'),
(91, 'Union', 'Portland', 'Oregon', '97255', 'E88', '234'),
(92, 'Ohio', 'Green Bay', 'Wisconsin', '54313', 'E88', '6535'),
(96, 'Debra', 'Billings', 'Montana', '59105', 'E60', '44'),
(1, 'Green', 'Charlottesville', 'Virginia', '22903', 'E88', ''),
(2, 'Memorial', 'Dayton', 'Ohio', '45419', 'E88', ''),
(3, 'Heffernan', 'South Bend', 'Indiana', '46634', 'E60', ''),
(4, 'Superior', 'Chicago', 'Illinois', '60609', 'E88', ''),
(6, 'Harper', 'Honolulu', 'Hawaii', '96815', 'E88', ''),
(7, 'Shoshone', 'Appleton', 'Wisconsin', '54915', 'E60', ''),
(8, 'Hovde', 'Oklahoma City', 'Oklahoma', '73190', 'E88', ''),
(9, 'Kings', 'Orlando', 'Florida', '32868', 'E60', ''),
(11, 'Dorton', 'Evansville', 'Indiana', '47719', 'E7', ''),
(13, 'Meadow Valley', 'San Antonio', 'Texas', '78255', 'E88', ''),
(14, 'Huxley', 'Washington', 'District of Columbia', '20299', 'E7', ''),
(15, 'Starling', 'Orlando', 'Florida', '32813', 'E88', ''),
(16, 'Fulton', 'Los Angeles', 'California', '90081', 'E60', ''),
(17, 'Tennessee', 'Washington', 'District of Columbia', '20220', 'E21', ''),
(18, 'Nelson', 'Los Angeles', 'California', '90087', 'E7', ''),
(19, 'Fremont', 'Vero Beach', 'Florida', '32969', 'E7', ''),
(21, 'Fulton', 'Huntsville', 'Alabama', '35895', 'E7', ''),
(22, 'Burning Wood', 'Hampton', 'Virginia', '23663', 'E88', ''),
(23, 'International', 'Denver', 'Colorado', '80204', 'E88', ''),
(24, 'Sloan', 'Lansing', 'Michigan', '48912', 'E88', ''),
(25, 'Tennessee', 'Albany', 'New York', '12222', 'E21', ''),
(28, 'Lindbergh', 'Flushing', 'New York', '11388', 'E21', ''),
(29, 'Springs', 'Pasadena', 'California', '91186', 'E7', ''),
(30, 'Clemons', 'Houston', 'Texas', '77050', 'E7', ''),
(31, 'Bunker Hill', 'Lincoln', 'Nebraska', '68531', 'E7', ''),
(33, 'Luster', 'Fort Pierce', 'Florida', '34949', 'E21', ''),
(34, 'Randy', 'Columbus', 'Ohio', '43210', 'E21', ''),
(35, 'Forest Run', 'Boston', 'Massachusetts', '2208', 'E21', ''),
(36, 'Carey', 'East Saint Louis', 'Illinois', '62205', 'E60', ''),
(37, 'Hollow Ridge', 'Richmond', 'Virginia', '23208', 'E21', ''),
(39, 'Brentwood', 'New York City', 'New York', '10184', 'E88', ''),
(40, 'Hudson', 'El Paso', 'Texas', '88525', 'E88', ''),
(41, 'Schiller', 'Atlanta', 'Georgia', '30380', 'E21', ''),
(44, 'Eastlawn', 'Austin', 'Texas', '78744', 'E60', ''),
(45, 'Meadow Vale', 'El Paso', 'Texas', '88574', 'E60', ''),
(46, 'Northfield', 'Fort Wayne', 'Indiana', '46805', 'E88', ''),
(47, 'Cordelia', 'Shawnee Mission', 'Kansas', '66276', 'E88', ''),
(48, 'Helena', 'Aurora', 'Colorado', '80045', 'E7', ''),
(49, 'Graedel', 'Dallas', 'Texas', '75367', 'E7', ''),
(50, 'Stoughton', 'Las Vegas', 'Nevada', '89120', 'E7', ''),
(51, 'Hudson', 'Boulder', 'Colorado', '80305', 'E7', ''),
(52, 'Badeau', 'Honolulu', 'Hawaii', '96845', 'E7', ''),
(53, 'Parkside', 'Atlanta', 'Georgia', '30323', 'E7', ''),
(54, 'Havey', 'Nashville', 'Tennessee', '37215', 'E7', ''),
(55, 'Havey', 'Norfolk', 'Virginia', '23520', 'E21', ''),
(56, 'Summer Ridge', 'Phoenix', 'Arizona', '85040', 'E21', ''),
(58, 'Glendale', 'Los Angeles', 'California', '90087', 'E21', ''),
(61, 'Luster', 'Jamaica', 'New York', '11431', 'E21', ''),
(62, 'Clove', 'Philadelphia', 'Pennsylvania', '19093', 'E88', ''),
(64, 'Lakeland', 'Atlanta', 'Georgia', '30316', 'E88', ''),
(65, 'Emmet', 'Pomona', 'California', '91797', 'E21', ''),
(66, 'Columbus', 'Washington', 'District of Columbia', '20099', 'E21', ''),
(70, 'Rowland', 'Tampa', 'Florida', '33620', 'E88', ''),
(71, 'Kinsman', 'Saint Paul', 'Minnesota', '55188', 'E88', ''),
(72, 'Village', 'Atlanta', 'Georgia', '30306', 'E88', ''),
(73, 'Maple', 'San Francisco', 'California', '94142', 'E88', ''),
(74, 'Parkside', 'Kansas City', 'Missouri', '64187', 'E21', ''),
(76, 'Hoffman', 'Stockton', 'California', '95210', 'E7', ''),
(77, 'Acker', 'Miami', 'Florida', '33180', 'E7', ''),
(78, 'Clove', 'Wilmington', 'Delaware', '19897', 'E7', ''),
(81, 'Aberg', 'Elizabeth', 'New Jersey', '7208', 'E7', ''),
(83, 'Del Mar', 'Toledo', 'Ohio', '43666', 'E7', ''),
(84, 'Mitchell', 'San Antonio', 'Texas', '78291', 'E7', ''),
(85, 'Vera', 'Newark', 'Delaware', '19714', 'E7', ''),
(86, 'Glendale', 'Lincoln', 'Nebraska', '68517', 'E7', ''),
(89, 'Northview', 'Denton', 'Texas', '76210', 'E21', ''),
(90, 'Atwood', 'Boca Raton', 'Florida', '33499', 'E21', ''),
(93, 'Grasskamp', 'Albuquerque', 'New Mexico', '87201', 'E21', ''),
(94, 'Pankratz', 'Oceanside', 'California', '92056', 'E60', ''),
(95, 'Buhler', 'Indianapolis', 'Indiana', '46278', 'E60', ''),
(97, 'Talmadge', 'San Antonio', 'Texas', '78255', 'E60', ''),
(98, 'Jenna', 'Washington', 'District of Columbia', '20260', 'E60', ''),
(99, 'Moose', 'Buffalo', 'New York', '14263', 'E60', ''),
(100, 'Everett', 'Fullerton', 'California', '92835', 'E60', '');

-- --------------------------------------------------------

--
-- Table structure for table `car_information`
--

CREATE TABLE IF NOT EXISTS `car_information` (
  `car_id` int(11) NOT NULL AUTO_INCREMENT,
  `user_id` int(11) DEFAULT NULL,
  `manufacturer` varchar(255) COLLATE utf8_unicode_ci DEFAULT NULL,
  `year` int(11) DEFAULT NULL,
  `model` varchar(45) COLLATE utf8_unicode_ci DEFAULT NULL,
  PRIMARY KEY (`car_id`),
  KEY `user_id_idx` (`user_id`)
) ENGINE=MyISAM  DEFAULT CHARSET=utf8 COLLATE=utf8_unicode_ci AUTO_INCREMENT=57 ;

--
-- Dumping data for table `car_information`
--

INSERT INTO `car_information` (`car_id`, `user_id`, `manufacturer`, `year`, `model`) VALUES
(1, 1, 'Volkswagen', 1998, 'Golf'),
(2, 2, 'Honda', 2005, 'Civic'),
(3, 3, 'Honda', 2012, 'Civic'),
(4, 5, 'Toyota', 2014, 'Prius'),
(5, 6, 'Toyota', 2003, 'Camry'),
(6, 9, 'Toyota', 1995, 'Corolla'),
(7, 11, 'Honda', 1998, 'Accord'),
(8, 12, 'Honda', 2005, 'Accord'),
(9, 13, 'Volkswagen', 2012, 'Jetta'),
(10, 15, 'Volkswagen', 2014, 'Jetta'),
(11, 16, 'Volkswagen', 2003, 'Toureq'),
(12, 19, 'Volkswagen', 1995, 'Toureq'),
(13, 21, 'Mazda', 1998, '3'),
(14, 22, 'Mazda', 2005, '5'),
(15, 24, 'Mazda', 2012, '6'),
(16, 25, 'Mazda', 2014, '2'),
(17, 28, 'Mazda', 2003, '2'),
(18, 31, 'Mazda', 1995, '2'),
(19, 32, 'Volkswagen', 1998, 'Jetta'),
(20, 33, 'Volkswagen', 2005, 'Toureq'),
(21, 35, 'Mazda', 2012, '2'),
(22, 36, 'Volkswagen', 2014, 'Jetta'),
(23, 39, 'Volkswagen', 2003, 'Toureq'),
(24, 41, 'Mazda', 1995, '2'),
(25, 42, 'Mazda', 1998, '2'),
(26, 44, 'Mazda', 2005, '5'),
(27, 45, 'Mazda', 2012, '6'),
(28, 48, 'Mazda', 2014, '2'),
(29, 51, 'Volkswagen', 2003, 'Golf'),
(30, 52, 'Honda', 1995, 'Civic'),
(31, 53, 'Honda', 2012, 'Civic'),
(32, 55, 'Toyota', 2014, 'Prius'),
(33, 56, 'Toyota', 1998, 'Camry'),
(34, 59, 'Volkswagen', 2005, 'Toureq'),
(35, 61, 'Mazda', 2012, '2'),
(36, 62, 'Volkswagen', 2014, 'Golf'),
(37, 64, 'Honda', 2003, 'Civic'),
(38, 65, 'Honda', 1995, 'Civic'),
(39, 68, 'Toyota', 2014, 'Prius'),
(40, 71, 'Toyota', 1998, 'Camry'),
(41, 72, 'Mazda', 2005, '6'),
(42, 73, 'Mazda', 2012, '2'),
(43, 75, 'Honda', 2014, 'Civic'),
(44, 76, 'Toyota', 2003, 'Prius'),
(45, 79, 'Toyota', 1995, 'Camry'),
(46, 81, 'Toyota', 1998, 'Corolla'),
(47, 82, 'Honda', 2005, 'Accord'),
(48, 84, 'Mazda', 2012, '2'),
(49, 85, 'Mazda', 2014, '5'),
(50, 88, 'Mazda', 2003, '6'),
(51, 91, 'Mazda', 1995, '2'),
(52, 92, 'Honda', 2012, 'Civic'),
(53, 93, 'Toyota', 2014, 'Prius'),
(54, 95, 'Toyota', 1998, 'Camry'),
(55, 96, 'Toyota', 2005, 'Corolla'),
(56, 99, 'Honda', 2012, 'Accord');

-- --------------------------------------------------------

--
-- Table structure for table `department`
--

CREATE TABLE IF NOT EXISTS `department` (
  `dept_id` int(11) NOT NULL AUTO_INCREMENT,
  `dept_name` varchar(255) COLLATE utf8_unicode_ci NOT NULL,
  PRIMARY KEY (`dept_id`)
) ENGINE=MyISAM  DEFAULT CHARSET=utf8 COLLATE=utf8_unicode_ci AUTO_INCREMENT=5 ;

--
-- Dumping data for table `department`
--

INSERT INTO `department` (`dept_id`, `dept_name`) VALUES
(1, 'Information Technology'),
(2, 'Human Resources'),
(3, 'Finance'),
(4, 'General');

-- --------------------------------------------------------

--
-- Table structure for table `trip_detail`
--

CREATE TABLE IF NOT EXISTS `trip_detail` (
  `trip_id` int(11) NOT NULL AUTO_INCREMENT,
  `days_id` int(11) NOT NULL,
  `from_address_id` int(11) NOT NULL,
  `to_address_id` int(11) NOT NULL,
  `distant` double NOT NULL,
  `departure_time` time NOT NULL,
  `ride` varchar(255) COLLATE utf8_unicode_ci NOT NULL,
  `user_id` int(11) NOT NULL,
  `car_id` int(11) NOT NULL,
  `no_passenger` int(11) NOT NULL,
  `min_compensation` double NOT NULL,
  `max_compensation` double NOT NULL,
  PRIMARY KEY (`trip_id`)
) ENGINE=MyISAM  DEFAULT CHARSET=utf8 COLLATE=utf8_unicode_ci AUTO_INCREMENT=162 ;

--
-- Dumping data for table `trip_detail`
--

INSERT INTO `trip_detail` (`trip_id`, `days_id`, `from_address_id`, `to_address_id`, `distant`, `departure_time`, `ride`, `user_id`, `car_id`, `no_passenger`, `min_compensation`, `max_compensation`) VALUES
(1, 1, 1, 2, 20, '07:20:00', 'OFFERED', 1, 1, 3, 5, 15),
(2, 1, 2, 3, 21, '07:20:00', 'REQUESTED', 2, 2, 4, 6, 10),
(3, 1, 3, 4, 22, '07:20:00', 'OFFERED', 3, 3, 3, 5, 12),
(4, 1, 4, 5, 30, '09:30:00', 'OFFERED', 4, 5, 3, 3, 20),
(5, 1, 5, 6, 10, '08:00:00', 'REQUESTED', 5, 6, 4, 8, 25),
(6, 1, 6, 7, 12, '07:20:00', 'REQUESTED', 6, 9, 4, 3, 11),
(7, 1, 7, 8, 15, '07:20:00', 'REQUESTED', 7, 11, 4, 8, 15),
(8, 1, 8, 9, 20, '07:20:00', 'REQUESTED', 8, 12, 3, 10, 10),
(9, 1, 9, 10, 21, '07:20:00', 'OFFERED', 9, 13, 4, 2, 12),
(10, 1, 10, 11, 22, '09:30:00', 'REQUESTED', 10, 15, 3, 5, 12),
(11, 1, 11, 12, 30, '08:00:00', 'REQUESTED', 11, 16, 2, 6, 12),
(12, 1, 12, 13, 30, '07:20:00', 'OFFERED', 12, 19, 3, 5, 20),
(13, 1, 13, 14, 10, '07:20:00', 'OFFERED', 13, 21, 4, 3, 25),
(14, 1, 14, 15, 12, '07:20:00', 'REQUESTED', 14, 22, 3, 8, 11),
(15, 1, 15, 16, 20, '07:20:00', 'OFFERED', 15, 24, 4, 3, 11),
(16, 1, 16, 17, 21, '09:30:00', 'REQUESTED', 16, 25, 3, 8, 15),
(17, 1, 17, 18, 22, '08:00:00', 'REQUESTED', 17, 28, 3, 10, 10),
(18, 1, 18, 19, 30, '07:20:00', 'REQUESTED', 18, 31, 4, 2, 12),
(19, 1, 19, 20, 22, '07:20:00', 'REQUESTED', 19, 32, 4, 5, 10),
(20, 1, 20, 21, 30, '07:20:00', 'REQUESTED', 20, 33, 4, 6, 12),
(21, 1, 21, 22, 10, '07:20:00', 'OFFERED', 21, 35, 3, 5, 12),
(22, 1, 22, 23, 12, '09:30:00', 'OFFERED', 22, 36, 4, 3, 20),
(23, 1, 23, 24, 20, '08:00:00', 'REQUESTED', 23, 39, 3, 8, 25),
(24, 1, 24, 25, 21, '07:20:00', 'OFFERED', 24, 41, 2, 3, 11),
(25, 1, 25, 26, 22, '07:20:00', 'REQUESTED', 25, 42, 3, 8, 15),
(26, 1, 26, 27, 30, '07:20:00', 'REQUESTED', 26, 44, 4, 10, 10),
(27, 1, 27, 28, 20, '07:20:00', 'REQUESTED', 27, 45, 3, 2, 12),
(28, 1, 28, 29, 21, '09:30:00', 'REQUESTED', 28, 48, 4, 5, 15),
(29, 1, 29, 30, 22, '08:00:00', 'REQUESTED', 29, 51, 3, 6, 10),
(30, 1, 30, 31, 30, '07:20:00', 'OFFERED', 30, 52, 3, 5, 12),
(31, 1, 31, 32, 12, '07:20:00', 'OFFERED', 31, 53, 4, 3, 12),
(32, 1, 32, 33, 22, '07:20:00', 'REQUESTED', 32, 55, 4, 8, 20),
(33, 1, 33, 34, 30, '07:20:00', 'OFFERED', 33, 56, 4, 3, 25),
(34, 1, 34, 35, 12, '09:30:00', 'REQUESTED', 34, 59, 3, 8, 11),
(35, 1, 35, 36, 22, '08:00:00', 'REQUESTED', 35, 61, 4, 10, 23),
(36, 1, 36, 37, 30, '07:20:00', 'REQUESTED', 36, 62, 3, 2, 15),
(37, 1, 37, 38, 30, '07:20:00', 'REQUESTED', 37, 64, 2, 5, 10),
(38, 1, 38, 39, 10, '07:20:00', 'REQUESTED', 38, 65, 3, 6, 12),
(39, 1, 39, 40, 12, '07:20:00', 'OFFERED', 39, 68, 4, 5, 12),
(40, 1, 40, 41, 22, '09:30:00', 'REQUESTED', 40, 71, 3, 3, 20),
(41, 1, 41, 42, 30, '08:00:00', 'REQUESTED', 41, 72, 4, 8, 25),
(42, 1, 42, 43, 12, '07:20:00', 'OFFERED', 42, 73, 3, 3, 11),
(43, 1, 43, 44, 22, '07:20:00', 'REQUESTED', 43, 75, 3, 8, 15),
(44, 1, 44, 45, 30, '07:20:00', 'REQUESTED', 44, 76, 4, 10, 10),
(45, 1, 45, 46, 22, '07:20:00', 'REQUESTED', 45, 79, 4, 2, 12),
(46, 1, 46, 47, 30, '09:30:00', 'REQUESTED', 46, 81, 4, 5, 12),
(47, 1, 47, 48, 12, '08:00:00', 'REQUESTED', 47, 82, 3, 6, 20),
(48, 1, 48, 49, 22, '07:20:00', 'OFFERED', 48, 84, 4, 5, 25),
(49, 1, 49, 50, 30, '07:20:00', 'OFFERED', 49, 85, 3, 3, 11),
(50, 1, 50, 51, 22, '07:20:00', 'REQUESTED', 50, 88, 2, 8, 15),
(51, 1, 51, 52, 22, '07:20:00', 'OFFERED', 51, 91, 3, 3, 10),
(52, 1, 52, 53, 30, '09:30:00', 'REQUESTED', 52, 92, 4, 8, 12),
(53, 1, 53, 54, 22, '08:00:00', 'REQUESTED', 53, 93, 3, 10, 12),
(54, 1, 54, 55, 30, '07:20:00', 'REQUESTED', 54, 95, 4, 2, 20),
(55, 1, 55, 56, 12, '07:20:00', 'REQUESTED', 55, 96, 3, 5, 25),
(56, 1, 56, 57, 22, '07:20:00', 'REQUESTED', 56, 99, 3, 6, 11),
(57, 2, 6, 7, 12, '07:20:00', 'REQUESTED', 6, 9, 4, 3, 11),
(58, 2, 7, 8, 15, '07:20:00', 'REQUESTED', 7, 11, 4, 8, 15),
(59, 2, 8, 9, 20, '07:20:00', 'REQUESTED', 8, 12, 3, 10, 10),
(60, 2, 9, 10, 21, '07:20:00', 'OFFERED', 9, 13, 4, 2, 12),
(61, 2, 10, 11, 22, '09:30:00', 'REQUESTED', 10, 15, 3, 5, 12),
(62, 2, 11, 12, 30, '08:00:00', 'REQUESTED', 11, 16, 2, 6, 12),
(63, 2, 12, 13, 30, '07:20:00', 'OFFERED', 12, 19, 3, 5, 20),
(64, 2, 13, 14, 10, '07:20:00', 'OFFERED', 13, 21, 4, 3, 25),
(65, 2, 14, 15, 12, '07:20:00', 'REQUESTED', 14, 22, 3, 8, 11),
(66, 2, 15, 16, 20, '07:20:00', 'OFFERED', 15, 24, 4, 3, 11),
(67, 2, 16, 17, 21, '09:30:00', 'REQUESTED', 16, 25, 3, 8, 15),
(68, 2, 17, 18, 22, '08:00:00', 'REQUESTED', 17, 28, 3, 10, 10),
(69, 2, 18, 19, 30, '07:20:00', 'REQUESTED', 18, 31, 4, 2, 12),
(70, 2, 19, 20, 22, '07:20:00', 'REQUESTED', 19, 32, 4, 5, 10),
(71, 2, 20, 21, 30, '07:20:00', 'REQUESTED', 20, 33, 4, 6, 12),
(72, 2, 21, 22, 10, '07:20:00', 'OFFERED', 21, 35, 3, 5, 12),
(73, 2, 22, 23, 12, '09:30:00', 'OFFERED', 22, 36, 4, 3, 20),
(74, 2, 23, 24, 20, '08:00:00', 'REQUESTED', 23, 39, 3, 8, 25),
(75, 2, 24, 25, 21, '07:20:00', 'OFFERED', 24, 41, 2, 3, 11),
(76, 2, 25, 26, 22, '07:20:00', 'REQUESTED', 25, 42, 3, 8, 15),
(77, 2, 26, 27, 30, '07:20:00', 'REQUESTED', 26, 44, 4, 10, 10),
(78, 2, 27, 28, 20, '07:20:00', 'REQUESTED', 27, 45, 3, 2, 12),
(79, 2, 28, 29, 21, '09:30:00', 'REQUESTED', 28, 48, 4, 5, 15),
(80, 2, 29, 30, 22, '08:00:00', 'REQUESTED', 29, 51, 3, 6, 10),
(81, 2, 30, 31, 30, '07:20:00', 'OFFERED', 30, 52, 3, 5, 12),
(82, 3, 49, 50, 30, '07:20:00', 'OFFERED', 49, 85, 3, 3, 11),
(83, 3, 50, 51, 22, '07:20:00', 'REQUESTED', 50, 88, 2, 8, 15),
(84, 3, 51, 52, 22, '07:20:00', 'OFFERED', 51, 91, 3, 3, 10),
(85, 3, 52, 53, 30, '09:30:00', 'REQUESTED', 52, 92, 4, 8, 12),
(86, 3, 53, 54, 22, '08:00:00', 'REQUESTED', 53, 93, 3, 10, 12),
(87, 3, 54, 55, 30, '07:20:00', 'REQUESTED', 54, 95, 4, 2, 20),
(88, 3, 55, 56, 12, '07:20:00', 'REQUESTED', 55, 96, 3, 5, 25),
(89, 3, 56, 57, 22, '07:20:00', 'REQUESTED', 56, 99, 3, 6, 11),
(90, 3, 6, 7, 12, '07:20:00', 'REQUESTED', 6, 9, 4, 3, 11),
(91, 3, 7, 8, 15, '07:20:00', 'REQUESTED', 7, 11, 4, 8, 15),
(92, 3, 8, 9, 20, '07:20:00', 'REQUESTED', 8, 12, 3, 10, 10),
(93, 3, 9, 10, 21, '07:20:00', 'OFFERED', 9, 13, 4, 2, 12),
(94, 3, 10, 11, 22, '09:30:00', 'REQUESTED', 10, 15, 3, 5, 12),
(95, 3, 11, 12, 30, '08:00:00', 'REQUESTED', 11, 16, 2, 6, 12),
(96, 3, 12, 13, 30, '07:20:00', 'OFFERED', 12, 19, 3, 5, 20),
(97, 3, 13, 14, 10, '07:20:00', 'OFFERED', 13, 21, 4, 3, 25),
(98, 3, 14, 15, 12, '07:20:00', 'REQUESTED', 14, 22, 3, 8, 11),
(99, 3, 15, 16, 20, '07:20:00', 'OFFERED', 15, 24, 4, 3, 11),
(100, 3, 16, 17, 21, '09:30:00', 'REQUESTED', 16, 25, 3, 8, 15),
(101, 3, 17, 18, 22, '08:00:00', 'REQUESTED', 17, 28, 3, 10, 10),
(102, 3, 18, 19, 30, '07:20:00', 'REQUESTED', 18, 31, 4, 2, 12),
(103, 3, 19, 20, 22, '07:20:00', 'REQUESTED', 19, 32, 4, 5, 10),
(104, 3, 20, 21, 30, '07:20:00', 'REQUESTED', 20, 33, 4, 6, 12),
(105, 3, 21, 22, 10, '07:20:00', 'OFFERED', 21, 35, 3, 5, 12),
(106, 3, 22, 23, 12, '09:30:00', 'OFFERED', 22, 36, 4, 3, 20),
(107, 3, 23, 24, 20, '08:00:00', 'REQUESTED', 23, 39, 3, 8, 25),
(108, 3, 24, 25, 21, '07:20:00', 'OFFERED', 24, 41, 2, 3, 11),
(109, 3, 25, 26, 22, '07:20:00', 'REQUESTED', 25, 42, 3, 8, 15),
(110, 3, 26, 27, 30, '07:20:00', 'REQUESTED', 26, 44, 4, 10, 10),
(111, 3, 27, 28, 20, '07:20:00', 'REQUESTED', 27, 45, 3, 2, 12),
(112, 3, 28, 29, 21, '09:30:00', 'REQUESTED', 28, 48, 4, 5, 15),
(113, 4, 19, 20, 22, '07:20:00', 'REQUESTED', 19, 32, 4, 5, 10),
(114, 4, 20, 21, 30, '07:20:00', 'REQUESTED', 20, 33, 4, 6, 12),
(115, 4, 21, 22, 10, '07:20:00', 'OFFERED', 21, 35, 3, 5, 12),
(116, 4, 22, 23, 12, '09:30:00', 'OFFERED', 22, 36, 4, 3, 20),
(117, 4, 23, 24, 20, '08:00:00', 'REQUESTED', 23, 39, 3, 8, 25),
(118, 4, 24, 25, 21, '07:20:00', 'OFFERED', 24, 41, 2, 3, 11),
(119, 4, 25, 26, 22, '07:20:00', 'REQUESTED', 25, 42, 3, 8, 15),
(120, 4, 26, 27, 30, '07:20:00', 'REQUESTED', 26, 44, 4, 10, 10),
(121, 4, 27, 28, 20, '07:20:00', 'REQUESTED', 27, 45, 3, 2, 12),
(122, 4, 28, 29, 21, '09:30:00', 'REQUESTED', 28, 48, 4, 5, 15),
(123, 4, 29, 30, 22, '08:00:00', 'REQUESTED', 29, 51, 3, 6, 10),
(124, 4, 30, 31, 30, '07:20:00', 'OFFERED', 30, 52, 3, 5, 12),
(125, 4, 49, 50, 30, '07:20:00', 'OFFERED', 49, 85, 3, 3, 11),
(126, 4, 50, 51, 22, '07:20:00', 'REQUESTED', 50, 88, 2, 8, 15),
(127, 4, 51, 52, 22, '07:20:00', 'OFFERED', 51, 91, 3, 3, 10),
(128, 4, 52, 53, 30, '09:30:00', 'REQUESTED', 52, 92, 4, 8, 12),
(129, 4, 53, 54, 22, '08:00:00', 'REQUESTED', 53, 93, 3, 10, 12),
(130, 4, 54, 55, 30, '07:20:00', 'REQUESTED', 54, 95, 4, 2, 20),
(131, 4, 55, 56, 12, '07:20:00', 'REQUESTED', 55, 96, 3, 5, 25),
(132, 4, 56, 57, 22, '07:20:00', 'REQUESTED', 56, 99, 3, 6, 11),
(133, 4, 6, 7, 12, '07:20:00', 'REQUESTED', 6, 9, 4, 3, 11),
(134, 4, 7, 8, 15, '07:20:00', 'REQUESTED', 7, 11, 4, 8, 15),
(135, 4, 8, 9, 20, '07:20:00', 'REQUESTED', 8, 12, 3, 10, 10),
(136, 4, 9, 10, 21, '07:20:00', 'OFFERED', 9, 13, 4, 2, 12),
(137, 4, 10, 11, 22, '09:30:00', 'REQUESTED', 10, 15, 3, 5, 12),
(138, 4, 11, 12, 30, '08:00:00', 'REQUESTED', 11, 16, 2, 6, 12),
(139, 5, 27, 28, 20, '07:20:00', 'REQUESTED', 27, 45, 3, 2, 12),
(140, 5, 28, 29, 21, '09:30:00', 'REQUESTED', 28, 48, 4, 5, 15),
(141, 5, 29, 30, 22, '08:00:00', 'REQUESTED', 29, 51, 3, 6, 10),
(142, 5, 30, 31, 30, '07:20:00', 'OFFERED', 30, 52, 3, 5, 12),
(143, 5, 49, 50, 30, '07:20:00', 'OFFERED', 49, 85, 3, 3, 11),
(144, 5, 50, 51, 22, '07:20:00', 'REQUESTED', 50, 88, 2, 8, 15),
(145, 5, 51, 52, 22, '07:20:00', 'OFFERED', 51, 91, 3, 3, 10),
(146, 5, 52, 53, 30, '09:30:00', 'REQUESTED', 52, 92, 4, 8, 12),
(147, 5, 53, 54, 22, '08:00:00', 'REQUESTED', 53, 93, 3, 10, 12),
(148, 5, 54, 55, 30, '07:20:00', 'REQUESTED', 54, 95, 4, 2, 20),
(149, 5, 55, 56, 12, '07:20:00', 'REQUESTED', 55, 96, 3, 5, 25),
(150, 5, 56, 57, 22, '07:20:00', 'REQUESTED', 56, 99, 3, 6, 11),
(151, 5, 6, 7, 12, '07:20:00', 'REQUESTED', 6, 9, 4, 3, 11),
(152, 5, 7, 8, 15, '07:20:00', 'REQUESTED', 7, 11, 4, 8, 15),
(153, 5, 8, 9, 20, '07:20:00', 'REQUESTED', 8, 12, 3, 10, 10),
(154, 5, 9, 10, 21, '07:20:00', 'OFFERED', 9, 13, 4, 2, 12),
(155, 5, 10, 11, 22, '09:30:00', 'REQUESTED', 10, 15, 3, 5, 12),
(156, 5, 11, 12, 30, '08:00:00', 'REQUESTED', 11, 16, 2, 6, 12),
(157, 5, 12, 13, 30, '07:20:00', 'OFFERED', 12, 19, 3, 5, 20),
(158, 5, 13, 14, 10, '07:20:00', 'OFFERED', 13, 21, 4, 3, 25),
(159, 5, 14, 15, 12, '07:20:00', 'REQUESTED', 14, 22, 3, 8, 11),
(160, 5, 15, 16, 20, '07:20:00', 'OFFERED', 15, 24, 4, 3, 11),
(161, 5, 16, 17, 21, '09:30:00', 'REQUESTED', 16, 25, 3, 8, 15);

-- --------------------------------------------------------

--
-- Table structure for table `trip_user_details`
--

CREATE TABLE IF NOT EXISTS `trip_user_details` (
  `trip_user_detail_id` int(11) NOT NULL AUTO_INCREMENT,
  `trip_id` int(11) NOT NULL,
  `user_id` int(11) DEFAULT NULL,
  PRIMARY KEY (`trip_user_detail_id`)
) ENGINE=MyISAM  DEFAULT CHARSET=utf8 COLLATE=utf8_unicode_ci AUTO_INCREMENT=92 ;

--
-- Dumping data for table `trip_user_details`
--

INSERT INTO `trip_user_details` (`trip_user_detail_id`, `trip_id`, `user_id`) VALUES
(1, 9, 9),
(2, 18, 18),
(3, 27, 27),
(4, 36, 36),
(5, 45, 45),
(6, 54, 54),
(7, 60, 9),
(8, 69, 18),
(9, 78, 27),
(10, 87, 54),
(11, 93, 9),
(12, 102, 18),
(13, 111, 27),
(14, 121, 27),
(15, 130, 54),
(16, 136, 9),
(17, 139, 27),
(18, 148, 54),
(19, 154, 9),
(20, 4, 4),
(21, 6, 6),
(22, 13, 13),
(23, 15, 15),
(24, 22, 22),
(25, 24, 24),
(26, 31, 31),
(27, 33, 33),
(28, 40, 40),
(29, 42, 42),
(30, 49, 49),
(31, 51, 51),
(32, 57, 6),
(33, 64, 13),
(34, 66, 15),
(35, 73, 22),
(36, 75, 24),
(37, 82, 49),
(38, 84, 51),
(39, 90, 6),
(40, 97, 13),
(41, 99, 15),
(42, 106, 22),
(43, 108, 24),
(44, 116, 22),
(45, 118, 24),
(46, 125, 49),
(47, 127, 51),
(48, 133, 6),
(49, 143, 49),
(50, 27, 27),
(51, 36, 36),
(52, 45, 45),
(53, 54, 54),
(54, 60, 9),
(55, 69, 18),
(56, 78, 27),
(57, 87, 54),
(58, 93, 9),
(59, 102, 18),
(60, 111, 27),
(61, 121, 27),
(62, 51, 51),
(63, 57, 6),
(64, 64, 13),
(65, 66, 15),
(66, 73, 22),
(67, 75, 24),
(68, 82, 49),
(69, 84, 51),
(70, 90, 6),
(71, 97, 13),
(72, 99, 15),
(73, 106, 22),
(74, 108, 24),
(75, 116, 22),
(76, 60, 9),
(77, 69, 18),
(78, 78, 27),
(79, 87, 54),
(80, 93, 9),
(81, 102, 18),
(82, 111, 27),
(83, 121, 27),
(84, 130, 54),
(85, 136, 9),
(86, 139, 27),
(87, 148, 54),
(88, 154, 9),
(89, 4, 4),
(90, 6, 6),
(91, 13, 13);

-- --------------------------------------------------------

--
-- Table structure for table `user_feedback`
--

CREATE TABLE IF NOT EXISTS `user_feedback` (
  `feedback_id` int(11) NOT NULL AUTO_INCREMENT,
  `user_id` int(11) NOT NULL,
  `source` enum('friend','employer','internet site','newspaper') COLLATE utf8_unicode_ci NOT NULL,
  `website_name` varchar(255) COLLATE utf8_unicode_ci DEFAULT NULL,
  `notes` varchar(255) COLLATE utf8_unicode_ci DEFAULT NULL,
  `date` date NOT NULL,
  `rating` int(1) NOT NULL,
  PRIMARY KEY (`feedback_id`),
  KEY `user_id_idx` (`user_id`)
) ENGINE=MyISAM  DEFAULT CHARSET=utf8 COLLATE=utf8_unicode_ci AUTO_INCREMENT=30 ;

--
-- Dumping data for table `user_feedback`
--

INSERT INTO `user_feedback` (`feedback_id`, `user_id`, `source`, `website_name`, `notes`, `date`, `rating`) VALUES
(6, 19, 'internet site', 'http://google.com', 'Driver nor friendly', '2015-12-02', 2),
(21, 79, 'employer', NULL, 'Driver nor friendly', '2015-11-23', 1),
(3, 9, 'friend', NULL, 'I''ll give it 3/5 rating', '2015-12-02', 3),
(9, 31, 'employer', NULL, 'I''ll give it 3/5 rating', '2015-11-13', 3),
(14, 51, 'internet site', 'http://google.com', 'I''ll give it 3/5 rating', '2015-11-23', 3),
(18, 68, 'internet site', 'http://google.com', 'I''ll give it 3/5 rating', '2015-11-11', 3),
(24, 91, 'employer', NULL, 'I''ll give it 3/5 rating', '2015-11-23', 3),
(4, 11, 'employer', NULL, 'Love the concept !', '2015-11-11', 4),
(10, 36, 'internet site', 'http://google.com', 'Love the concept !', '2015-12-02', 4),
(19, 71, 'friend', NULL, 'Love the concept !', '2015-11-23', 5),
(25, 96, 'internet site', 'http://google.com', 'Love the concept !', '2015-12-02', 5),
(2, 6, 'internet site', 'http://google.com', 'Need some improvement on support', '2015-11-18', 3),
(8, 28, 'employer', NULL, 'Need some improvement on support', '2015-11-13', 3),
(13, 48, 'employer', NULL, 'Need some improvement on support', '2015-11-23', 2),
(17, 65, 'employer', NULL, 'Need some improvement on support', '2015-11-02', 3),
(23, 88, 'friend', NULL, 'Need some improvement on support', '2015-11-23', 3),
(15, 56, 'friend', NULL, 'Nice', '2015-11-23', 4),
(7, 25, 'friend', NULL, 'Smelly car', '2015-11-11', 2),
(22, 85, 'internet site', 'http://google.com', 'Smelly car', '2015-12-02', 2),
(1, 1, 'employer', NULL, 'Very good !', '2015-11-11', 5),
(12, 45, 'employer', NULL, 'Very good !', '2015-11-11', 5),
(16, 59, 'employer', NULL, 'Very good !', '2015-12-02', 5),
(5, 16, 'employer', NULL, 'Will do it again', '2015-11-13', 4),
(11, 39, 'friend', NULL, 'Will do it again', '2015-11-23', 5),
(20, 76, 'employer', NULL, 'Will do it again', '2015-11-23', 5),
(26, 99, 'friend', NULL, 'Will do it again', '2015-11-23', 4),
(27, 96, 'internet site', 'http://google.com', 'Love the concept !', '2015-12-02', 5),
(28, 96, 'internet site', 'http://google.com', 'Love the concept !', '2015-12-02', 5),
(29, 56, 'friend', NULL, 'Nice', '2015-11-23', 4);

-- --------------------------------------------------------

--
-- Table structure for table `user_information`
--

CREATE TABLE IF NOT EXISTS `user_information` (
  `user_id` int(11) NOT NULL AUTO_INCREMENT,
  `login_name` varchar(45) COLLATE utf8_unicode_ci NOT NULL,
  `password` varchar(45) COLLATE utf8_unicode_ci NOT NULL,
  `first_name` varchar(255) COLLATE utf8_unicode_ci NOT NULL,
  `last_name` varchar(255) COLLATE utf8_unicode_ci NOT NULL,
  `status` enum('STUDENT RESIDENT','STUDENT COMMUTER','FACULTY','STAFF') COLLATE utf8_unicode_ci NOT NULL,
  `contact_phoneno` varchar(45) COLLATE utf8_unicode_ci NOT NULL,
  `contact_emailid` varchar(255) COLLATE utf8_unicode_ci NOT NULL,
  `address_id` int(11) NOT NULL,
  `dept_id` int(11) DEFAULT NULL,
  `faculty_position` varchar(45) COLLATE utf8_unicode_ci DEFAULT NULL,
  `student_major` varchar(255) COLLATE utf8_unicode_ci DEFAULT NULL,
  `student_status` enum('freshman','sophomore','junior','senior','graduate') COLLATE utf8_unicode_ci DEFAULT NULL,
  `optional_info_id` int(11) DEFAULT NULL,
  PRIMARY KEY (`user_id`)
) ENGINE=MyISAM  DEFAULT CHARSET=utf8 COLLATE=utf8_unicode_ci AUTO_INCREMENT=101 ;

--
-- Dumping data for table `user_information`
--

INSERT INTO `user_information` (`user_id`, `login_name`, `password`, `first_name`, `last_name`, `status`, `contact_phoneno`, `contact_emailid`, `address_id`, `dept_id`, `faculty_position`, `student_major`, `student_status`, `optional_info_id`) VALUES
(1, 'Aaron', '12345', 'Aaron', 'Jones', 'STUDENT COMMUTER', '1-(305)318-2252', 'ajones9@cam.ac.uk', 1, 0, '', 'Accounting', 'senior', 1),
(2, 'Adam', '12345', 'Adam', 'Freeman', 'FACULTY', '1-(214)540-2142', 'afreeman2j@yellowpages.com', 2, 4, 'Cleaner', '', '', 2),
(3, 'Andrea', '12345', 'Andrea', 'Mitchell', 'STAFF', '1-(651)461-6191', 'amitchell27@china.com.cn', 3, 3, 'Credit', '', '', 3),
(4, 'Andrew', '12345', 'Andrew', 'Ruiz', 'STAFF', '1-(615)924-8525', 'aruiz1x@bloglines.com', 4, 2, 'HR Analyst', '', '', 4),
(5, 'Angela', '12345', 'Angela', 'Harvey', 'STUDENT RESIDENT', '1-(808)232-3233', 'aharveyu@umich.edu', 5, 0, '', 'Law', 'freshman', 5),
(6, 'Angela', '12345', 'Angela', 'Hughes', 'STAFF', '1-(915)282-2319', 'ahughes1o@sciencedaily.com', 6, 2, 'Clerk', '', '', 6),
(7, 'Annie', '12345', 'Annie', 'Hanson', 'STAFF', '1-(720)987-3487', 'ahanson1u@washingtonpost.com', 7, 2, 'HR Analyst', '', '', 7),
(8, 'Arthur', '12345', 'Arthur', 'Owens', 'STAFF', '1-(260)814-5328', 'aowens1p@mozilla.com', 8, 2, 'Clerk', '', '', 8),
(9, 'Ashley', '12345', 'Ashley', 'Reyes', 'STAFF', '1-(618)734-7014', 'areyes1i@acquirethisname.com', 9, 1, 'Admin', '', '', 9),
(10, 'Barbara', '12345', 'Barbara', 'Perez', 'STUDENT RESIDENT', '1-(805)407-4457', 'bperez6@smh.com.au', 10, 0, '', 'Accounting', 'sophomore', 10),
(11, 'Benjamin', '12345', 'Benjamin', 'Martin', 'STAFF', '1-(404)248-0748', 'bmartin1m@t-online.de', 11, 2, 'Manager', '', '', 11),
(12, 'Beverly', '12345', 'Beverly', 'Brooks', 'STUDENT RESIDENT', '1-(269)333-4055', 'bbrooksm@flavors.me', 12, 0, '', 'Computer Science', 'junior', 12),
(13, 'Beverly', '12345', 'Beverly', 'Watson', 'STAFF', '1-(772)347-4371', 'bwatson1f@facebook.com', 13, 1, 'Support', '', '', 13),
(14, 'Beverly', '12345', 'Beverly', 'Cunningham', 'STAFF', '1-(813)905-8928', 'bcunningham26@weibo.com', 14, 3, 'Credit', '', '', 14),
(15, 'Brandon', '12345', 'Brandon', 'Mccoy', 'STUDENT COMMUTER', '1-(517)954-4675', 'bmccoy19@canalblog.com', 15, 0, '', 'Agriculture', 'freshman', 15),
(16, 'Bruce', '12345', 'Bruce', 'Carroll', 'STUDENT COMMUTER', '1-(405)331-1093', 'bcarrollw@chicagotribune.com', 16, 0, '', 'Law', 'sophomore', 16),
(17, 'Catherine', '12345', 'Catherine', 'Freeman', 'STAFF', '1-(617)660-6356', 'cfreeman1h@zimbio.com', 17, 1, 'Support', '', '', 17),
(18, 'Dennis', '12345', 'Dennis', 'Knight', 'STUDENT COMMUTER', '1-(920)710-9362', 'dknighto@go.com', 18, 0, '', 'Computer Science', 'senior', 18),
(19, 'Diane', '12345', 'Diane', 'Brown', 'STUDENT COMMUTER', '1-(315)105-2761', 'dbrowne@tmall.com', 19, 0, '', 'Computer Science', 'freshman', 19),
(20, 'Donald', '12345', 'Donald', 'Howell', 'STUDENT RESIDENT', '1-(610)809-5766', 'dhowell7@ebay.co.uk', 20, 0, '', 'Accounting', 'junior', 20),
(21, 'Donald', '12345', 'Donald', 'Murray', 'STUDENT COMMUTER', '1-(772)929-7440', 'dmurray15@europa.eu', 21, 0, '', 'Law', 'graduate', 21),
(22, 'Donald', '12345', 'Donald', 'Smith', 'STAFF', '1-(303)791-6431', 'dsmith1r@tinypic.com', 22, 2, 'Clerk', '', '', 22),
(23, 'Donna', '12345', 'Donna', 'Wallace', 'STAFF', '1-(913)476-7492', 'dwallace1q@ucsd.edu', 23, 2, 'Clerk', '', '', 23),
(24, 'Earl', '12345', 'Earl', 'Perez', 'STAFF', '1-(212)875-1109', 'eperez21@myspace.com', 24, 3, 'Payrole', '', '', 24),
(25, 'Earl', '12345', 'Earl', 'Bell', 'STAFF', '1-(770)393-0059', 'ebell23@ameblo.jp', 25, 3, 'Payrole', '', '', 25),
(26, 'Emily', '12345', 'Emily', 'Burton', 'STUDENT RESIDENT', '1-(209)798-8133', 'eburton2@dailymail.co.uk', 26, 0, '', 'Accounting', 'freshman', 26),
(27, 'Eric', '12345', 'Eric', 'Stevens', 'STUDENT RESIDENT', '1-(213)813-3773', 'estevens12@moonfruit.com', 27, 0, '', 'Law', 'junior', 27),
(28, 'Ernest', '12345', 'Ernest', 'Garza', 'STAFF', '1-(480)485-2724', 'egarza1z@blogger.com', 28, 3, 'Payrole', '', '', 28),
(29, 'Ernest', '12345', 'Ernest', 'Hayes', 'STAFF', '1-(209)197-0172', 'ehayes2b@umich.edu', 29, 3, 'Manager', '', '', 29),
(30, 'Gloria', '12345', 'Gloria', 'Scott', 'STUDENT COMMUTER', '1-(574)288-6923', 'gscotts@cloudflare.com', 30, 0, '', 'Law', 'freshman', 30),
(31, 'Harold', '12345', 'Harold', 'Ellis', 'STAFF', '1-(214)792-6873', 'hellis1s@dell.com', 31, 2, 'HR Analyst', '', '', 31),
(32, 'Harry', '12345', 'Harry', 'Anderson', 'STUDENT RESIDENT', '1-(406)595-9394', 'handersonp@phpbb.com', 32, 0, '', 'Computer Science', 'senior', 32),
(33, 'Howard', '12345', 'Howard', 'Stanley', 'FACULTY', '1-(210)562-1464', 'hstanley2g@vinaora.com', 33, 4, 'Cleaner', '', '', 33),
(34, 'Jane', '12345', 'Jane', 'Tucker', 'STUDENT COMMUTER', '1-(203)712-6374', 'jtuckerk@reddit.com', 34, 0, '', 'Computer Science', 'sophomore', 34),
(35, 'Janet', '12345', 'Janet', 'Perez', 'STUDENT COMMUTER', '1-(757)726-6324', 'jperez17@yahoo.com', 35, 0, '', 'Law', 'graduate', 35),
(36, 'Janet', '12345', 'Janet', 'Weaver', 'STAFF', '1-(908)446-9408', 'jweaver2e@wsj.com', 36, 3, 'Clerk', '', '', 36),
(37, 'Janice', '12345', 'Janice', 'Rogers', 'STUDENT COMMUTER', '1-(203)326-8671', 'jrogersh@answers.com', 37, 0, '', 'Computer Science', 'sophomore', 37),
(38, 'Janice', '12345', 'Janice', 'Welch', 'STUDENT RESIDENT', '1-(202)915-4505', 'jwelch10@jugem.jp', 38, 0, '', 'Law', 'junior', 38),
(39, 'Jason', '12345', 'Jason', 'Riley', 'STAFF', '1-(804)386-6355', 'jriley1j@a8.net', 39, 1, 'Manager', '', '', 39),
(40, 'Jeffrey', '12345', 'Jeffrey', 'Johnson', 'STAFF', '1-(215)914-7690', 'jjohnson22@sbwire.com', 40, 3, 'Payrole', '', '', 40),
(41, 'Jennifer', '12345', 'Jennifer', 'Montgomery', 'STAFF', '1-(213)242-6481', 'jmontgomery20@sourceforge.net', 41, 3, 'Payrole', '', '', 41),
(42, 'Jimmy', '12345', 'Jimmy', 'Bishop', 'STUDENT RESIDENT', '1-(518)264-9705', 'jbishop1a@feedburner.com', 42, 0, '', 'Agriculture', 'sophomore', 42),
(43, 'Joe', '12345', 'Joe', 'Watson', 'STUDENT RESIDENT', '1-(214)965-9027', 'jwatson8@sakura.ne.jp', 43, 0, '', 'Accounting', 'junior', 43),
(44, 'Joe', '12345', 'Joe', 'Martin', 'FACULTY', '1-(716)881-5168', 'jmartin2q@mozilla.com', 44, 4, 'Garderner', '', '', 44),
(45, 'John', '12345', 'John', 'Fowler', 'STAFF', '1-(678)292-3392', 'jfowler1w@mac.com', 45, 2, 'HR Analyst', '', '', 45),
(46, 'Johnny', '12345', 'Johnny', 'Carpenter', 'FACULTY', '1-(561)805-2402', 'jcarpenter2k@usatoday.com', 46, 4, 'Cleaner', '', '', 46),
(47, 'Joseph', '12345', 'Joseph', 'Hayes', 'FACULTY', '1-(302)998-2356', 'jhayes2h@cnbc.com', 47, 4, 'Cleaner', '', '', 47),
(48, 'Joyce', '12345', 'Joyce', 'Elliott', 'STAFF', '1-(816)954-0146', 'jelliott2a@usatoday.com', 48, 3, 'Credit', '', '', 48),
(49, 'Juan', '12345', 'Juan', 'Flores', 'STUDENT COMMUTER', '1-(202)626-2453', 'jflores1@shop-pro.jp', 49, 0, '', 'Accounting', 'freshman', 49),
(50, 'Judy', '12345', 'Judy', 'Wilson', 'STUDENT COMMUTER', '1-(207)323-4127', 'jwilson5@soundcloud.com', 50, 0, '', 'Accounting', 'sophomore', 50),
(51, 'Karen', '12345', 'Karen', 'Weaver', 'STAFF', '1-(202)626-7114', 'kweaver25@cpanel.net', 51, 3, 'Credit', '', '', 51),
(52, 'Karen', '12345', 'Karen', 'Morgan', 'FACULTY', '1-(505)156-7622', 'kmorgan2l@slideshare.net', 52, 4, 'Foremen', '', '', 52),
(53, 'Katherine', '12345', 'Katherine', 'Tucker', 'STAFF', '1-(702)926-4664', 'ktucker1t@home.pl', 53, 2, 'HR Analyst', '', '', 53),
(54, 'Kathryn', '12345', 'Kathryn', 'Hunt', 'FACULTY', '1-(858)896-6433', 'khunt2m@hp.com', 54, 4, 'Foremen', '', '', 54),
(55, 'Kimberly', '12345', 'Kimberly', 'Hall', 'STAFF', '1-(212)211-6352', 'khall1k@army.mil', 55, 1, 'Support', '', '', 55),
(56, 'Larry', '12345', 'Larry', 'Foster', 'STUDENT COMMUTER', '1-(920)991-2978', 'lfosterv@myspace.com', 56, 0, '', 'Law', 'freshman', 56),
(57, 'Lawrence', '12345', 'Lawrence', 'Pierce', 'STUDENT RESIDENT', '1-(971)130-3850', 'lpiercen@jugem.jp', 57, 0, '', 'Computer Science', 'senior', 57),
(58, 'Lawrence', '12345', 'Lawrence', 'Sanders', 'FACULTY', '1-(419)273-6902', 'lsanders2f@aol.com', 58, 4, 'Cleaner', '', '', 58),
(59, 'Lisa', '12345', 'Lisa', 'Bradley', 'STUDENT RESIDENT', '1-(256)543-2187', 'lbradley16@ftc.gov', 59, 0, '', 'Law', 'graduate', 59),
(60, 'Louis', '12345', 'Louis', 'Ruiz', 'STUDENT RESIDENT', '1-(303)616-4759', 'lruiz18@independent.co.uk', 60, 0, '', 'Agriculture', 'freshman', 60),
(61, 'Louis', '12345', 'Louis', 'Butler', 'FACULTY', '1-(210)946-9215', 'lbutler2o@posterous.com', 61, 4, 'Electrician', '', '', 61),
(62, 'Louise', '12345', 'Louise', 'Jacobs', 'STUDENT COMMUTER', '1-(773)907-1727', 'ljacobst@lulu.com', 62, 0, '', 'Law', 'freshman', 62),
(63, 'Maria', '12345', 'Maria', 'Powell', 'STUDENT RESIDENT', '1-(806)632-3060', 'mpowelli@naver.com', 63, 0, '', 'Computer Science', 'sophomore', 63),
(64, 'Maria', '12345', 'Maria', 'Murphy', 'STAFF', '1-(786)776-7638', 'mmurphy2c@miitbeian.gov.cn', 64, 3, 'Clerk', '', '', 64),
(65, 'Martha', '12345', 'Martha', 'George', 'STAFF', '1-(402)711-2506', 'mgeorge1e@businessweek.com', 65, 1, 'Support', '', '', 65),
(66, 'Matthew', '12345', 'Matthew', 'Collins', 'FACULTY', '1-(402)706-7474', 'mcollins2i@washington.edu', 66, 4, 'Cleaner', '', '', 66),
(67, 'Melissa', '12345', 'Melissa', 'Wright', 'STUDENT RESIDENT', '1-(505)176-1539', 'mwrightj@miibeian.gov.cn', 67, 0, '', 'Computer Science', 'sophomore', 67),
(68, 'Michelle', '12345', 'Michelle', 'Moreno', 'STUDENT RESIDENT', '1-(520)726-8009', 'mmorenoa@shop-pro.jp', 68, 0, '', 'Accounting', 'senior', 68),
(69, 'Michelle', '12345', 'Michelle', 'Dunn', 'STUDENT RESIDENT', '1-(337)168-8531', 'mdunnd@deviantart.com', 69, 0, '', 'Computer Science', 'freshman', 69),
(70, 'Mildred', '12345', 'Mildred', 'Cunningham', 'STUDENT COMMUTER', '1-(213)811-5992', 'mcunningham14@cnet.com', 70, 0, '', 'Law', 'graduate', 70),
(71, 'Nicole', '12345', 'Nicole', 'Gonzales', 'FACULTY', '1-(714)773-2977', 'ngonzales2r@facebook.com', 71, 4, 'Garderner', '', '', 71),
(72, 'Pamela', '12345', 'Pamela', 'Spencer', 'FACULTY', '1-(202)133-0012', 'pspencer2p@spotify.com', 72, 4, 'Electrician', '', '', 72),
(73, 'Patricia', '12345', 'Patricia', 'Fuller', 'STUDENT COMMUTER', '1-(434)172-2056', 'pfullerq@indiegogo.com', 73, 0, '', 'Computer Science', 'graduate', 73),
(74, 'Paul', '12345', 'Paul', 'Powell', 'STAFF', '1-(415)233-4447', 'ppowell29@abc.net.au', 74, 3, 'Credit', '', '', 74),
(75, 'Philip', '12345', 'Philip', 'Gonzales', 'STUDENT RESIDENT', '1-(817)489-4481', 'pgonzalesg@tinypic.com', 75, 0, '', 'Computer Science', 'freshman', 75),
(76, 'Phillip', '12345', 'Phillip', 'Wells', 'STAFF', '1-(361)872-9720', 'pwells1n@businesswire.com', 76, 2, 'Clerk', '', '', 76),
(77, 'Rachel', '12345', 'Rachel', 'Ward', 'STUDENT COMMUTER', '1-(864)804-8970', 'rwardb@tinypic.com', 77, 0, '', 'Accounting', 'graduate', 77),
(78, 'Rachel', '12345', 'Rachel', 'Patterson', 'STAFF', '1-(757)848-4492', 'rpatterson1y@army.mil', 78, 2, 'HR Analyst', '', '', 78),
(79, 'Ralph', '12345', 'Ralph', 'Thompson', 'STUDENT RESIDENT', '1-(626)691-9969', 'rthompson1c@tuttocitta.it', 79, 0, '', 'Agriculture', 'senior', 79),
(80, 'Rebecca', '12345', 'Rebecca', 'Scott', 'STUDENT RESIDENT', '1-(954)799-9971', 'rscott4@uiuc.edu', 80, 0, '', 'Accounting', 'sophomore', 80),
(81, 'Robert', '12345', 'Robert', 'Meyer', 'STAFF', '1-(909)545-3404', 'rmeyer24@fc2.com', 81, 3, 'Payrole', '', '', 81),
(82, 'Robin', '12345', 'Robin', 'Wallace', 'STUDENT RESIDENT', '1-(828)258-8097', 'rwallace0@prlog.org', 82, 0, '', 'Accounting', 'freshman', 82),
(83, 'Robin', '12345', 'Robin', 'Stevens', 'STUDENT COMMUTER', '1-(830)850-0344', 'rstevensz@techcrunch.com', 83, 0, '', 'Law', 'sophomore', 83),
(84, 'Sara', '12345', 'Sara', 'Martin', 'STAFF', '1-(770)751-2928', 'smartin28@com.com', 84, 3, 'Credit', '', '', 84),
(85, 'Sarah', '12345', 'Sarah', 'Campbell', 'FACULTY', '1-(317)554-7667', 'scampbell2n@jimdo.com', 85, 4, 'Foremen', '', '', 85),
(86, 'Scott', '12345', 'Scott', 'Ramirez', 'STUDENT COMMUTER', '1-(517)800-0383', 'sramirez3@seesaa.net', 86, 0, '', 'Accounting', 'freshman', 86),
(87, 'Stephanie', '12345', 'Stephanie', 'Ramos', 'STUDENT RESIDENT', '1-(513)847-4342', 'sramosr@google.es', 87, 0, '', 'Law', 'freshman', 87),
(88, 'Steve', '12345', 'Steve', 'Henry', 'STUDENT RESIDENT', '1-(510)430-0632', 'shenryc@hhs.gov', 88, 0, '', 'Computer Science', 'freshman', 88),
(89, 'Tammy', '12345', 'Tammy', 'Gibson', 'STAFF', '1-(808)439-0944', 'tgibson1v@nhs.uk', 89, 2, 'HR Analyst', '', '', 89),
(90, 'Teresa', '12345', 'Teresa', 'Williamson', 'STAFF', '1-(302)240-1637', 'twilliamson2d@virginia.edu', 90, 3, 'Clerk', '', '', 90),
(91, 'Theresa', '12345', 'Theresa', 'Martinez', 'STUDENT RESIDENT', '1-(281)294-9889', 'tmartinezl@ow.ly', 91, 0, '', 'Computer Science', 'junior', 91),
(92, 'Theresa', '12345', 'Theresa', 'Rivera', 'STUDENT RESIDENT', '1-(407)389-9160', 'triverax@patch.com', 92, 0, '', 'Law', 'sophomore', 92),
(93, 'Theresa', '12345', 'Theresa', 'Reynolds', 'STAFF', '1-(614)439-0662', 'treynolds1g@furl.net', 93, 1, 'Support', '', '', 93),
(94, 'Virginia', '12345', 'Virginia', 'Cunningham', 'STUDENT COMMUTER', '1-(812)553-2060', 'vcunninghamy@jiathis.com', 94, 0, '', 'Law', 'sophomore', 94),
(95, 'Virginia', '12345', 'Virginia', 'Cooper', 'STUDENT COMMUTER', '1-(718)153-6177', 'vcooper1b@myspace.com', 95, 0, '', 'Agriculture', 'junior', 95),
(96, 'Walter', '12345', 'Walter', 'Morrison', 'STUDENT RESIDENT', '1-(612)124-3532', 'wmorrisonf@noaa.gov', 96, 0, '', 'Computer Science', 'freshman', 96),
(97, 'Wanda', '12345', 'Wanda', 'Kelly', 'STUDENT COMMUTER', '1-(202)907-1870', 'wkelly13@netvibes.com', 97, 0, '', 'Law', 'senior', 97),
(98, 'Wanda', '12345', 'Wanda', 'Kelly', 'STUDENT COMMUTER', '1-(281)795-3882', 'wkelly1d@cocolog-nifty.com', 98, 0, '', 'Agriculture', 'graduate', 98),
(99, 'Wayne', '12345', 'Wayne', 'Cook', 'STUDENT COMMUTER', '1-(407)408-5802', 'wcook11@springer.com', 99, 0, '', 'Law', 'junior', 99),
(100, 'Willie', '12345', 'Willie', 'Mills', 'STAFF', '1-(915)713-2112', 'wmills1l@theguardian.com', 100, 1, 'Support', '', '', 100);

-- --------------------------------------------------------

--
-- Table structure for table `user_optional_info`
--

CREATE TABLE IF NOT EXISTS `user_optional_info` (
  `optional_info_id` int(11) NOT NULL AUTO_INCREMENT,
  `age` int(11) DEFAULT NULL,
  `sex` enum('M','F') COLLATE utf8_unicode_ci DEFAULT NULL,
  `smoker` enum('YES','NO') COLLATE utf8_unicode_ci DEFAULT 'NO',
  `current_commute` enum('DRIVE ALONE','BUS','TRAIN','CAR POOL','OTHERS') COLLATE utf8_unicode_ci DEFAULT 'CAR POOL',
  `min_cost_comp` int(11) DEFAULT NULL,
  `max_cost_comp` int(11) DEFAULT NULL,
  `preference` enum('DRIVE ONLY','SHARE DRIVING','PASSENGER ONLY') COLLATE utf8_unicode_ci DEFAULT NULL,
  PRIMARY KEY (`optional_info_id`)
) ENGINE=MyISAM  DEFAULT CHARSET=utf8 COLLATE=utf8_unicode_ci AUTO_INCREMENT=101 ;

--
-- Dumping data for table `user_optional_info`
--

INSERT INTO `user_optional_info` (`optional_info_id`, `age`, `sex`, `smoker`, `current_commute`, `min_cost_comp`, `max_cost_comp`, `preference`) VALUES
(1, 40, 'F', 'YES', 'CAR POOL', 5, 10, 'PASSENGER ONLY'),
(2, 20, 'M', 'NO', 'DRIVE ALONE', 20, 30, 'PASSENGER ONLY'),
(3, 19, 'M', 'YES', 'DRIVE ALONE', 23, 35, 'PASSENGER ONLY'),
(4, 18, 'M', 'NO', 'OTHERS', 12, 35, 'DRIVE ONLY'),
(5, 19, 'F', 'NO', 'DRIVE ALONE', 18, 25, 'SHARE DRIVING'),
(6, 33, 'M', 'NO', 'CAR POOL', 3, 5, 'PASSENGER ONLY'),
(7, 22, 'F', 'YES', 'BUS', 6, 12, 'SHARE DRIVING'),
(8, 22, 'M', 'YES', 'BUS', 6, 12, 'SHARE DRIVING'),
(9, 45, 'F', 'NO', 'CAR POOL', 4, 12, 'DRIVE ONLY'),
(10, 20, 'F', 'YES', 'TRAIN', 8, 15, 'SHARE DRIVING'),
(11, 34, 'F', 'YES', 'CAR POOL', 5, 10, 'PASSENGER ONLY'),
(12, 22, 'M', 'NO', 'DRIVE ALONE', 20, 30, 'PASSENGER ONLY'),
(13, 16, 'M', 'YES', 'DRIVE ALONE', 23, 35, 'PASSENGER ONLY'),
(14, 55, 'M', 'NO', 'OTHERS', 12, 35, 'DRIVE ONLY'),
(15, 38, 'F', 'NO', 'DRIVE ALONE', 18, 25, 'SHARE DRIVING'),
(16, 39, 'M', 'NO', 'CAR POOL', 3, 5, 'PASSENGER ONLY'),
(17, 22, 'F', 'YES', 'BUS', 6, 12, 'SHARE DRIVING'),
(18, 22, 'M', 'YES', 'BUS', 6, 12, 'SHARE DRIVING'),
(19, 45, 'F', 'NO', 'CAR POOL', 4, 12, 'DRIVE ONLY'),
(20, 20, 'F', 'YES', 'TRAIN', 8, 15, 'SHARE DRIVING'),
(21, 20, 'M', 'NO', 'DRIVE ALONE', 20, 30, 'PASSENGER ONLY'),
(22, 19, 'M', 'YES', 'DRIVE ALONE', 23, 35, 'PASSENGER ONLY'),
(23, 18, 'M', 'NO', 'OTHERS', 12, 35, 'DRIVE ONLY'),
(24, 19, 'F', 'NO', 'DRIVE ALONE', 18, 25, 'SHARE DRIVING'),
(25, 33, 'M', 'NO', 'CAR POOL', 3, 5, 'PASSENGER ONLY'),
(26, 22, 'F', 'YES', 'BUS', 6, 12, 'SHARE DRIVING'),
(27, 22, 'M', 'YES', 'BUS', 6, 12, 'SHARE DRIVING'),
(28, 45, 'F', 'NO', 'CAR POOL', 4, 12, 'DRIVE ONLY'),
(29, 20, 'F', 'YES', 'TRAIN', 8, 15, 'SHARE DRIVING'),
(30, 20, 'F', 'YES', 'TRAIN', 8, 15, 'SHARE DRIVING'),
(31, 34, 'F', 'YES', 'CAR POOL', 5, 10, 'PASSENGER ONLY'),
(32, 22, 'M', 'NO', 'DRIVE ALONE', 20, 30, 'PASSENGER ONLY'),
(33, 16, 'M', 'YES', 'DRIVE ALONE', 23, 35, 'PASSENGER ONLY'),
(34, 55, 'M', 'NO', 'OTHERS', 12, 35, 'DRIVE ONLY'),
(35, 38, 'F', 'NO', 'DRIVE ALONE', 18, 25, 'SHARE DRIVING'),
(36, 39, 'M', 'NO', 'CAR POOL', 3, 5, 'PASSENGER ONLY'),
(37, 22, 'F', 'YES', 'BUS', 6, 12, 'SHARE DRIVING'),
(38, 22, 'M', 'YES', 'BUS', 6, 12, 'SHARE DRIVING'),
(39, 45, 'F', 'NO', 'CAR POOL', 4, 12, 'DRIVE ONLY'),
(40, 20, 'F', 'YES', 'TRAIN', 8, 15, 'SHARE DRIVING'),
(41, 20, 'M', 'NO', 'DRIVE ALONE', 20, 30, 'PASSENGER ONLY'),
(42, 19, 'M', 'YES', 'DRIVE ALONE', 23, 35, 'PASSENGER ONLY'),
(43, 18, 'M', 'NO', 'OTHERS', 12, 35, 'DRIVE ONLY'),
(44, 19, 'F', 'NO', 'DRIVE ALONE', 18, 25, 'SHARE DRIVING'),
(45, 33, 'M', 'NO', 'CAR POOL', 3, 5, 'PASSENGER ONLY'),
(46, 22, 'F', 'YES', 'BUS', 6, 12, 'SHARE DRIVING'),
(47, 22, 'M', 'YES', 'BUS', 6, 12, 'SHARE DRIVING'),
(48, 45, 'F', 'NO', 'CAR POOL', 4, 12, 'DRIVE ONLY'),
(49, 20, 'F', 'YES', 'TRAIN', 8, 15, 'SHARE DRIVING'),
(50, 20, 'F', 'YES', 'TRAIN', 8, 15, 'SHARE DRIVING'),
(51, 34, 'F', 'YES', 'CAR POOL', 5, 10, 'PASSENGER ONLY'),
(52, 22, 'M', 'NO', 'DRIVE ALONE', 20, 30, 'PASSENGER ONLY'),
(53, 16, 'M', 'YES', 'DRIVE ALONE', 23, 35, 'PASSENGER ONLY'),
(54, 55, 'M', 'NO', 'OTHERS', 12, 35, 'DRIVE ONLY'),
(55, 38, 'F', 'NO', 'DRIVE ALONE', 18, 25, 'SHARE DRIVING'),
(56, 39, 'M', 'NO', 'CAR POOL', 3, 5, 'PASSENGER ONLY'),
(57, 22, 'F', 'YES', 'BUS', 6, 12, 'SHARE DRIVING'),
(58, 22, 'M', 'YES', 'BUS', 6, 12, 'SHARE DRIVING'),
(59, 45, 'F', 'NO', 'CAR POOL', 4, 12, 'DRIVE ONLY'),
(60, 20, 'F', 'YES', 'TRAIN', 8, 15, 'SHARE DRIVING'),
(61, 20, 'M', 'NO', 'DRIVE ALONE', 20, 30, 'PASSENGER ONLY'),
(62, 19, 'M', 'YES', 'DRIVE ALONE', 23, 35, 'PASSENGER ONLY'),
(63, 18, 'M', 'NO', 'OTHERS', 12, 35, 'DRIVE ONLY'),
(64, 19, 'F', 'NO', 'DRIVE ALONE', 18, 25, 'SHARE DRIVING'),
(65, 33, 'M', 'NO', 'CAR POOL', 3, 5, 'PASSENGER ONLY'),
(66, 22, 'F', 'YES', 'BUS', 6, 12, 'SHARE DRIVING'),
(67, 22, 'M', 'YES', 'BUS', 6, 12, 'SHARE DRIVING'),
(68, 45, 'F', 'NO', 'CAR POOL', 4, 12, 'DRIVE ONLY'),
(69, 20, 'F', 'YES', 'TRAIN', 8, 15, 'SHARE DRIVING'),
(70, 20, 'F', 'YES', 'TRAIN', 8, 15, 'SHARE DRIVING'),
(71, 34, 'F', 'YES', 'CAR POOL', 5, 10, 'PASSENGER ONLY'),
(72, 22, 'M', 'NO', 'DRIVE ALONE', 20, 30, 'PASSENGER ONLY'),
(73, 16, 'M', 'YES', 'DRIVE ALONE', 23, 35, 'PASSENGER ONLY'),
(74, 55, 'M', 'NO', 'OTHERS', 12, 35, 'DRIVE ONLY'),
(75, 38, 'F', 'NO', 'DRIVE ALONE', 18, 25, 'SHARE DRIVING'),
(76, 39, 'M', 'NO', 'CAR POOL', 3, 5, 'PASSENGER ONLY'),
(77, 22, 'F', 'YES', 'BUS', 6, 12, 'SHARE DRIVING'),
(78, 22, 'M', 'YES', 'BUS', 6, 12, 'SHARE DRIVING'),
(79, 45, 'F', 'NO', 'CAR POOL', 4, 12, 'DRIVE ONLY'),
(80, 20, 'F', 'YES', 'TRAIN', 8, 15, 'SHARE DRIVING'),
(81, 20, 'M', 'NO', 'DRIVE ALONE', 20, 30, 'PASSENGER ONLY'),
(82, 19, 'M', 'YES', 'DRIVE ALONE', 23, 35, 'PASSENGER ONLY'),
(83, 18, 'M', 'NO', 'OTHERS', 12, 35, 'DRIVE ONLY'),
(84, 19, 'F', 'NO', 'DRIVE ALONE', 18, 25, 'SHARE DRIVING'),
(85, 33, 'M', 'NO', 'CAR POOL', 3, 5, 'PASSENGER ONLY'),
(86, 22, 'F', 'YES', 'BUS', 6, 12, 'SHARE DRIVING'),
(87, 22, 'M', 'YES', 'BUS', 6, 12, 'SHARE DRIVING'),
(88, 45, 'F', 'NO', 'CAR POOL', 4, 12, 'DRIVE ONLY'),
(89, 20, 'F', 'YES', 'TRAIN', 8, 15, 'SHARE DRIVING'),
(90, 20, 'F', 'YES', 'TRAIN', 8, 15, 'SHARE DRIVING'),
(91, 34, 'F', 'YES', 'CAR POOL', 5, 10, 'PASSENGER ONLY'),
(92, 22, 'M', 'NO', 'DRIVE ALONE', 20, 30, 'PASSENGER ONLY'),
(93, 16, 'M', 'YES', 'DRIVE ALONE', 23, 35, 'PASSENGER ONLY'),
(94, 55, 'M', 'NO', 'OTHERS', 12, 35, 'DRIVE ONLY'),
(95, 38, 'F', 'NO', 'DRIVE ALONE', 18, 25, 'SHARE DRIVING'),
(96, 39, 'M', 'NO', 'CAR POOL', 3, 5, 'PASSENGER ONLY'),
(97, 22, 'F', 'YES', 'BUS', 6, 12, 'SHARE DRIVING'),
(98, 22, 'M', 'YES', 'BUS', 6, 12, 'SHARE DRIVING'),
(99, 45, 'F', 'NO', 'CAR POOL', 4, 12, 'DRIVE ONLY'),
(100, 20, 'F', 'YES', 'TRAIN', 8, 15, 'SHARE DRIVING');

/*!40101 SET CHARACTER_SET_CLIENT=@OLD_CHARACTER_SET_CLIENT */;
/*!40101 SET CHARACTER_SET_RESULTS=@OLD_CHARACTER_SET_RESULTS */;
/*!40101 SET COLLATION_CONNECTION=@OLD_COLLATION_CONNECTION */;

